City ID,City,Country,Lat,Lng,Max Temp,Humidity,Cloudiness,Wind Speed,Description,Date
0,Port Alfred,ZA,-33.5906,26.891,59.85,81,92,10.71,Clouds,2021-05-27 23:23:42
1,Hobyo,SO,5.3505,48.5268,78.4,82,57,18.84,Clouds,2021-05-27 23:23:43
2,Cabo San Lucas,MX,22.8909,-109.9124,96.51,53,61,10.83,Clouds,2021-05-27 23:23:27
3,Provideniya,RU,64.3833,-173.3,46.51,57,0,15.66,Clear,2021-05-27 23:23:05
4,Vaini,TO,-21.2,-175.2,77.16,69,20,11.5,Clouds,2021-05-27 23:23:05
5,Albany,US,42.6001,-73.9662,64.58,48,42,7.0,Clouds,2021-05-27 23:23:07
6,Pokosnoye,RU,55.5258,101.0536,45.03,49,78,7.38,Clouds,2021-05-27 23:23:06
7,Jamestown,US,42.097,-79.2353,59.29,53,86,1.99,Clouds,2021-05-27 23:23:22
8,Qaanaaq,GL,77.484,-69.3632,38.19,72,100,7.63,Clouds,2021-05-27 23:23:06
9,Sao Joao Da Barra,BR,-21.6403,-41.0511,72.05,89,15,4.92,Clouds,2021-05-27 23:23:07
10,Hasaki,JP,35.7333,140.8333,73.8,73,100,2.95,Clouds,2021-05-27 23:23:07
11,Kapaa,US,22.0752,-159.319,84.18,70,98,3.0,Clouds,2021-05-27 23:23:07
12,Kaitangata,NZ,-46.2817,169.8464,46.18,91,100,3.31,Clouds,2021-05-27 23:23:08
13,Caiaponia,BR,-16.9567,-51.8103,76.89,47,45,1.9,Clouds,2021-05-27 23:23:13
14,Rikitea,PF,-23.1203,-134.9692,71.51,57,65,4.56,Clouds,2021-05-27 23:23:08
15,Riohacha,CO,11.5444,-72.9072,82.26,73,100,10.6,Clouds,2021-05-27 23:23:08
16,Rio Grande,BR,-32.035,-52.0986,54.95,77,0,6.91,Clear,2021-05-27 23:23:09
17,Velikiy Ustyug,RU,60.7644,46.3106,40.23,96,87,2.39,Clouds,2021-05-27 23:23:09
18,Broken Hill,AU,-31.95,141.4333,47.91,93,90,10.36,Clouds,2021-05-27 23:23:10
19,Bluff,NZ,-46.6,168.3333,49.8,87,100,8.95,Clouds,2021-05-27 23:23:10
20,Lebu,CL,-37.6167,-73.65,53.49,85,3,10.56,Clear,2021-05-27 23:23:10
21,Vilyuysk,RU,63.7553,121.6247,62.15,44,54,6.29,Clouds,2021-05-27 23:23:11
22,Hobart,AU,-42.8794,147.3294,47.26,70,75,5.01,Clouds,2021-05-27 23:23:11
23,Vostok,RU,46.4856,135.8833,53.92,58,100,1.68,Clouds,2021-05-27 23:23:11
24,Kimbe,PG,-5.5502,150.1429,82.17,74,93,6.69,Clouds,2021-05-27 23:23:11
25,Yellowknife,CA,62.456,-114.3525,57.72,41,75,10.36,Clouds,2021-05-27 23:23:12
26,Queimadas,BR,-10.9783,-39.6264,69.84,63,48,10.31,Clouds,2021-05-27 23:23:12
27,Aklavik,CA,68.2191,-135.0107,34.63,60,75,14.97,Clouds,2021-05-27 23:23:12
28,Nador,MA,35.174,-2.9287,62.67,94,90,9.19,Clouds,2021-05-27 23:23:13
29,Birao,CF,10.2849,22.7882,77.25,65,49,4.43,Clouds,2021-05-27 23:23:13
30,Yemtsa,RU,63.0734,40.3329,35.51,97,20,4.0,Clouds,2021-05-27 23:23:13
31,Cape Town,ZA,-33.9258,18.4232,59.41,87,90,4.0,Rain,2021-05-27 23:23:43
32,Prudnik,PL,50.3212,17.5746,50.27,90,80,4.09,Clouds,2021-05-27 23:23:14
33,Longyearbyen,SJ,78.2186,15.6401,28.24,64,40,12.66,Clouds,2021-05-27 23:23:14
34,Fairbanks,US,64.8378,-147.7164,57.38,46,90,11.5,Clouds,2021-05-27 23:23:14
35,Kota Kinabalu,MY,5.9749,116.0724,82.38,83,20,4.61,Clouds,2021-05-27 23:23:15
36,Busselton,AU,-33.65,115.3333,52.05,69,0,9.86,Clear,2021-05-27 23:23:15
37,Dikson,RU,73.5069,80.5464,20.14,99,89,6.8,Clouds,2021-05-27 23:23:15
38,Ancud,CL,-41.8697,-73.8203,51.33,85,100,25.39,Rain,2021-05-27 23:23:16
39,Saskylakh,RU,71.9167,114.0833,32.31,73,73,4.16,Clouds,2021-05-27 23:23:16
40,Tuktoyaktuk,CA,69.4541,-133.0374,28.4,93,75,10.36,Clouds,2021-05-27 23:23:16
41,Tasiilaq,GL,65.6145,-37.6368,36.32,89,91,4.56,Clouds,2021-05-27 23:23:16
42,Balkanabat,TM,39.5108,54.3671,72.59,51,0,3.78,Clear,2021-05-27 23:23:17
43,Cidreira,BR,-30.1811,-50.2056,60.46,71,0,6.76,Clear,2021-05-27 23:23:17
44,Szentkiralyszabadja,HU,47.0576,17.9705,53.06,64,99,18.59,Clouds,2021-05-27 23:23:17
45,Mataura,NZ,-46.1927,168.8643,49.48,93,100,0.98,Clouds,2021-05-27 23:23:18
46,Mitsamiouli,KM,-11.3847,43.2844,76.1,58,3,4.0,Clear,2021-05-27 23:23:18
47,Ushuaia,AR,-54.8,-68.3,29.86,93,75,19.57,Snow,2021-05-27 23:23:18
48,Abalak,RU,58.1286,68.5944,38.89,79,47,3.38,Clouds,2021-05-27 23:23:19
49,Luwuk,ID,-0.9516,122.7875,82.44,73,17,5.48,Clouds,2021-05-27 23:23:19
50,Bethel,US,41.3712,-73.414,73.94,60,32,6.93,Clouds,2021-05-27 23:23:19
51,Merauke,ID,-8.4667,140.3333,79.72,77,90,13.33,Clouds,2021-05-27 23:23:03
52,Port Elizabeth,ZA,-33.918,25.5701,61.09,63,0,13.8,Clear,2021-05-27 23:23:20
53,Klaksvik,FO,62.2266,-6.589,45.52,88,82,14.41,Clouds,2021-05-27 23:23:20
54,Puerto Ayora,EC,-0.7393,-90.3518,75.54,92,49,7.0,Clouds,2021-05-27 23:23:20
55,Barrow,US,71.2906,-156.7887,33.82,75,90,20.71,Clouds,2021-05-27 23:23:32
56,New Norfolk,AU,-42.7826,147.0587,46.92,51,32,6.22,Clouds,2021-05-27 23:23:21
57,Meadow Lake,US,34.8014,-106.5436,86.77,8,11,9.46,Clouds,2021-05-27 23:23:21
58,Ponta Do Sol,PT,32.6667,-17.1,64.71,76,42,3.71,Clouds,2021-05-27 23:23:21
59,Hermanus,ZA,-34.4187,19.2345,63.81,73,92,13.78,Clouds,2021-05-27 23:23:22
60,Mar Del Plata,AR,-38.0023,-57.5575,64.09,50,0,11.01,Clear,2021-05-27 23:23:10
61,Brownsville,US,25.9018,-97.4975,86.11,74,40,10.0,Clouds,2021-05-27 23:23:03
62,Bubaque,GW,11.2833,-15.8333,78.71,76,7,3.2,Clear,2021-05-27 23:23:22
63,Zaysan,KZ,47.4667,84.8667,67.32,54,72,7.56,Clouds,2021-05-27 23:23:22
64,Esperance,AU,-33.8667,121.9,49.84,50,4,16.24,Clear,2021-05-27 23:23:23
65,Tiksi,RU,71.6872,128.8694,35.02,89,100,7.65,Clouds,2021-05-27 23:23:23
66,Kununurra,AU,-15.7667,128.7333,75.18,35,8,8.05,Clear,2021-05-27 23:23:23
67,Husavik,IS,66.0449,-17.3389,48.11,51,29,11.97,Clouds,2021-05-27 23:23:24
68,Hithadhoo,MV,-0.6,73.0833,81.88,78,100,18.32,Clouds,2021-05-27 23:23:24
69,Dali,CN,25.7,100.1833,64.74,88,93,4.16,Clouds,2021-05-27 23:23:24
70,Kuching,MY,1.55,110.3333,79.02,94,20,3.44,Rain,2021-05-27 23:23:25
71,Punta Arenas,CL,-53.15,-70.9167,28.51,80,0,14.99,Clear,2021-05-27 23:23:25
72,Atuona,PF,-9.8,-139.0333,78.93,73,11,13.98,Clouds,2021-05-27 23:23:25
73,Behbahan,IR,30.5959,50.2417,76.32,16,0,5.01,Clear,2021-05-27 23:23:25
74,Ilulissat,GL,69.2167,-51.1,44.98,55,82,12.73,Clouds,2021-05-27 23:23:26
75,Narsaq,GL,60.9167,-46.05,45.32,63,63,7.11,Clouds,2021-05-27 23:23:26
76,Cherskiy,RU,68.75,161.3,58.62,24,96,10.07,Clouds,2021-05-27 23:23:26
77,Lorengau,PG,-2.0226,147.2712,82.74,77,100,6.49,Clouds,2021-05-27 23:23:27
78,Saint-Philippe,RE,-21.3585,55.7679,71.19,80,36,4.36,Clouds,2021-05-27 23:23:27
79,Kirkland Lake,CA,48.1446,-80.0377,43.63,39,29,7.2,Clouds,2021-05-27 23:23:27
80,Khatanga,RU,71.9667,102.5,29.68,85,97,10.25,Clouds,2021-05-27 23:23:28
81,Geraldton,AU,-28.7667,114.6,69.13,63,90,2.82,Rain,2021-05-27 23:23:28
82,Clyde River,CA,70.4692,-68.5914,28.63,86,90,21.85,Clouds,2021-05-27 23:23:28
83,Bambous Virieux,MU,-20.3428,57.7575,74.21,94,75,7.9,Clouds,2021-05-27 23:23:29
84,Teguldet,RU,57.3064,88.1667,37.99,95,100,12.33,Rain,2021-05-27 23:23:29
85,Severo-Kurilsk,RU,50.6789,156.125,40.21,79,88,10.76,Clouds,2021-05-27 23:23:29
86,Pangnirtung,CA,66.1451,-65.7125,30.27,94,84,0.74,Clouds,2021-05-27 23:23:30
87,Mbuji-Mayi,CD,-6.15,23.6,70.79,49,98,3.49,Clouds,2021-05-27 23:23:30
88,San Patricio,US,28.017,-97.5169,86.09,79,41,17.78,Clouds,2021-05-27 23:23:30
89,Beaverlodge,CA,55.2166,-119.4361,51.15,80,100,9.22,Clouds,2021-05-27 23:23:31
90,Sangar,RU,63.9242,127.4739,59.72,40,24,3.96,Clouds,2021-05-27 23:23:31
91,Lagunas,PE,-5.2269,-75.6753,77.04,82,77,2.51,Clouds,2021-05-27 23:23:31
92,College Place,US,46.0493,-118.3883,71.73,45,85,8.01,Clouds,2021-05-27 23:23:32
93,Gornopravdinsk,RU,60.05,69.9,40.06,73,84,2.21,Clouds,2021-05-27 23:23:32
94,Portland,US,45.5234,-122.6762,65.61,52,72,4.0,Clouds,2021-05-27 23:23:49
95,Butaritari,KI,3.0707,172.7902,83.91,79,96,18.28,Rain,2021-05-27 23:23:32
96,Salalah,OM,17.0151,54.0924,79.5,80,30,2.37,Clouds,2021-05-27 23:23:12
97,Yumen,CN,40.2833,97.2,72.59,15,96,4.81,Clouds,2021-05-27 23:23:33
98,Mirnyy,RU,62.5353,113.9611,51.58,80,46,5.66,Clouds,2021-05-27 23:23:33
99,Simmerath,DE,50.6,6.3,43.23,98,44,2.95,Clouds,2021-05-27 23:23:34
100,Tual,ID,-5.6667,132.75,81.91,75,67,21.83,Clouds,2021-05-27 23:23:34
101,Hilo,US,19.7297,-155.09,80.8,78,71,5.01,Clouds,2021-05-27 23:23:34
102,Susanville,US,40.4163,-120.653,78.64,21,1,14.0,Clear,2021-05-27 23:23:35
103,Carnarvon,AU,-24.8667,113.6333,66.27,77,90,8.05,Clouds,2021-05-27 23:23:35
104,Key Largo,US,25.0865,-80.4473,79.02,68,81,11.65,Clouds,2021-05-27 23:23:51
105,Alofi,NU,-19.0595,-169.9187,80.49,83,75,9.22,Clouds,2021-05-27 23:23:35
106,Raudeberg,NO,61.9875,5.1352,48.87,88,4,12.17,Clear,2021-05-27 23:23:36
107,Kruisfontein,ZA,-34.0033,24.7314,54.88,77,68,6.93,Clouds,2021-05-27 23:23:36
108,Kushiro,JP,42.975,144.3747,49.15,100,75,10.51,Clouds,2021-05-27 23:23:37
109,Nikolskoye,RU,59.7035,30.7861,50.4,98,77,5.19,Clouds,2021-05-27 23:23:37
110,Bathsheba,BB,13.2167,-59.5167,81.21,61,20,16.55,Clouds,2021-05-27 23:23:37
111,Placido De Castro,BR,-10.3353,-67.1856,76.98,68,97,0.81,Clouds,2021-05-27 23:23:37
112,Norman Wells,CA,65.282,-126.8329,46.44,61,75,13.8,Clouds,2021-05-27 23:23:38
113,Beloha,MG,-25.1667,45.05,62.46,96,1,5.53,Clear,2021-05-27 23:23:38
114,Port Augusta,AU,-32.5,137.7667,46.54,62,97,4.36,Clouds,2021-05-27 23:23:38
115,Quatre Cocos,MU,-20.2078,57.7625,74.08,88,26,8.48,Clouds,2021-05-27 23:23:39
116,Troitsko-Pechorsk,RU,62.7084,56.1964,38.19,97,100,4.14,Clouds,2021-05-27 23:23:39
117,Morehead,US,37.2711,-87.1764,82.15,61,75,4.61,Clouds,2021-05-27 23:23:39
118,Buraydah,SA,26.326,43.975,93.65,17,61,7.0,Clouds,2021-05-27 23:23:40
119,Kigali,RW,-1.95,30.0588,67.48,77,40,3.44,Clouds,2021-05-27 23:23:40
120,Kavieng,PG,-2.5744,150.7967,80.65,84,100,10.8,Rain,2021-05-27 23:23:40
121,Antofagasta,CL,-23.65,-70.4,60.08,86,54,2.84,Clouds,2021-05-27 23:23:40
122,Bayir,TR,37.2687,28.2167,59.52,55,1,1.43,Clear,2021-05-27 23:23:41
123,Bredasdorp,ZA,-34.5322,20.0403,63.28,55,95,8.01,Clouds,2021-05-27 23:23:41
124,Kieta,PG,-6.2167,155.6333,78.17,91,100,2.86,Rain,2021-05-27 23:23:41
125,Honiara,SB,-9.4333,159.95,76.37,92,100,2.8,Rain,2021-05-27 23:23:42
126,Kahului,US,20.8947,-156.47,81.84,71,66,17.0,Clouds,2021-05-27 23:23:32
127,Sabang,ID,5.8933,95.3214,84.13,70,85,19.15,Clouds,2021-05-27 23:23:42
128,Port Macquarie,AU,-31.4333,152.9167,60.89,56,0,12.88,Clear,2021-05-27 23:23:42
129,Mayenne,FR,48.3333,-0.6667,49.44,87,80,5.37,Clouds,2021-05-27 23:23:04
130,Deputatskiy,RU,69.3,139.9,56.28,41,29,10.94,Clouds,2021-05-27 23:23:43
131,Chivay,PE,-15.6383,-71.6011,46.99,67,83,3.74,Clouds,2021-05-27 23:23:43
132,Pitea,SE,65.3172,21.4794,42.1,75,62,5.01,Clouds,2021-05-27 23:23:44
133,Baruun-Urt,MN,46.6806,113.2792,51.94,33,17,11.59,Clouds,2021-05-27 23:23:44
134,Constitucion,CL,-35.3333,-72.4167,56.55,94,100,4.43,Clouds,2021-05-27 23:23:44
135,Cimitarra,CO,6.3142,-73.9497,78.78,84,42,2.73,Rain,2021-05-27 23:23:45
136,Kalmar,SE,56.6616,16.3616,47.97,93,96,3.44,Clouds,2021-05-27 23:23:45
137,Eureka,US,40.8021,-124.1637,62.91,83,100,5.99,Clouds,2021-05-27 23:23:45
138,Bowen,AU,-20.0167,148.2333,68.22,47,1,9.95,Clear,2021-05-27 23:23:46
139,Shaygino,RU,57.7675,46.8618,53.55,96,92,1.88,Rain,2021-05-27 23:23:46
140,Kodiak,US,57.79,-152.4072,52.09,73,81,7.54,Clouds,2021-05-27 23:23:46
141,Lasa,IT,46.6166,10.7002,45.63,90,22,6.04,Clouds,2021-05-27 23:23:46
142,Ilhabela,BR,-23.7781,-45.3581,68.31,85,2,5.26,Clear,2021-05-27 23:23:47
143,Halifax,CA,44.6453,-63.5724,68.49,75,40,8.05,Clouds,2021-05-27 23:23:03
144,Goundam,ML,16.4145,-3.6708,95.27,6,98,4.94,Clouds,2021-05-27 23:23:47
145,Astoria,US,46.1879,-123.8313,58.01,85,90,1.99,Clouds,2021-05-27 23:23:47
146,Talnakh,RU,69.4865,88.3972,19.69,81,54,1.88,Clouds,2021-05-27 23:23:48
147,Statesboro,US,32.4488,-81.7832,89.4,37,1,3.44,Clear,2021-05-27 23:23:04
148,Vao,NC,-22.6667,167.4833,71.58,69,97,13.67,Clouds,2021-05-27 23:23:48
149,Pevek,RU,69.7008,170.3133,37.4,71,56,1.45,Clouds,2021-05-27 23:23:48
150,Alma,CA,48.5501,-71.6491,43.63,46,68,15.61,Clouds,2021-05-27 23:23:51
151,Georgetown,MY,5.4112,100.3354,80.53,88,20,2.3,Clouds,2021-05-27 23:23:20
152,Pringsewu,ID,-5.3582,104.9744,76.03,93,100,0.94,Clouds,2021-05-27 23:23:49
153,Kariba,ZW,-16.5167,28.8,57.2,53,0,3.38,Clear,2021-05-27 23:23:49
154,Broome,US,42.2506,-75.833,62.1,67,47,1.99,Clouds,2021-05-27 23:23:50
155,Cap-Aux-Meules,CA,47.3821,-61.8597,44.65,65,20,10.36,Clouds,2021-05-27 23:23:50
156,Salinas,US,36.6777,-121.6555,81.57,69,75,14.97,Clouds,2021-05-27 23:23:50
157,Muros,ES,42.7762,-9.0603,61.3,65,87,4.76,Clouds,2021-05-27 23:23:50
158,Alice Springs,AU,-23.7,133.8833,49.55,53,0,16.22,Clear,2021-05-27 23:23:51
159,Camacha,PT,33.0833,-16.3333,62.02,72,40,9.22,Clouds,2021-05-27 23:23:51
160,Pacocha,PE,-17.5833,-71.3333,63.84,88,67,3.94,Clouds,2021-05-27 23:23:51
161,Luderitz,NA,-26.6481,15.1594,58.06,72,6,8.34,Clear,2021-05-27 23:23:52
162,Mizdah,LY,31.4451,12.9801,79.02,20,88,8.63,Clouds,2021-05-27 23:23:52
163,Qurayyat,SA,31.3318,37.3428,71.78,30,0,8.5,Clear,2021-05-27 23:23:52
164,Chuy,UY,-33.6971,-53.4616,56.53,84,0,7.47,Clear,2021-05-27 23:23:53
165,Inirida,CO,3.8653,-67.9239,71.92,99,100,1.59,Clouds,2021-05-27 23:23:53
166,Coquimbo,CL,-29.9533,-71.3436,55.13,94,0,4.47,Clear,2021-05-27 23:23:26
167,Mahebourg,MU,-20.4081,57.7,74.25,94,75,3.44,Rain,2021-05-27 23:23:53
168,Miramar,US,25.9873,-80.2323,82.02,69,68,3.0,Clouds,2021-05-27 23:23:09
169,Kibala,TD,9.1104,18.3463,80.55,74,0,0.0,Clear,2021-05-27 23:23:54
170,Byron Bay,AU,-28.65,153.6167,68.05,63,4,10.58,Clear,2021-05-27 23:23:25
171,Fortuna,US,40.5982,-124.1573,62.65,65,75,1.99,Clouds,2021-05-27 23:23:54
172,Bozhou,CN,33.8772,115.7703,77.16,22,37,15.77,Clouds,2021-05-27 23:23:55
173,Dalbandin,PK,28.8947,64.4101,81.84,15,0,1.14,Clear,2021-05-27 23:23:55
174,Kintampo,GH,8.0563,-1.7306,73.08,93,93,3.91,Clouds,2021-05-27 23:23:55
175,East London,ZA,-33.0153,27.9116,62.29,78,73,10.27,Clouds,2021-05-27 23:23:56
176,Padang,ID,-0.9492,100.3543,77.95,83,100,3.6,Clouds,2021-05-27 23:23:56
177,Namibe,AO,-15.1961,12.1522,74.71,63,0,4.21,Clear,2021-05-27 23:23:56
178,Tungi,BD,23.89,90.4058,82.4,78,75,6.91,Clouds,2021-05-27 23:23:56
179,Lima,PE,-12.0432,-77.0282,66.9,83,90,9.22,Clouds,2021-05-27 23:23:12
180,Rock Sound,BS,24.9,-76.2,77.07,74,94,11.9,Clouds,2021-05-27 23:23:57
181,Havre-Saint-Pierre,CA,50.2334,-63.5986,44.96,42,75,20.71,Clouds,2021-05-27 23:23:57
182,Lavumisa,SZ,-27.31,31.892,51.12,58,43,4.56,Clouds,2021-05-27 23:23:58
183,Aripuana,BR,-9.1667,-60.6333,75.31,66,15,0.65,Clouds,2021-05-27 23:23:58
184,West Fargo,US,46.875,-96.9004,55.45,46,1,3.0,Clear,2021-05-27 23:23:58
185,Havelock,US,34.8791,-76.9013,80.98,83,71,6.06,Clouds,2021-05-27 23:23:59
186,Andapa,MG,-14.65,49.65,60.51,97,10,3.13,Clear,2021-05-27 23:23:59
187,Kavaratti,IN,10.5669,72.642,83.35,76,13,16.35,Clouds,2021-05-27 23:23:59
188,Karratha,AU,-20.7377,116.8463,75.92,60,71,11.54,Clouds,2021-05-27 23:23:59
189,Adrar,MR,20.5022,-10.0711,91.9,18,71,8.72,Clouds,2021-05-27 23:23:00
190,Isangel,VU,-19.55,169.2667,76.8,47,51,2.86,Clouds,2021-05-27 23:23:00
191,Kamennogorsk,RU,60.9545,29.1339,49.51,97,100,6.62,Clouds,2021-05-27 23:23:00
192,Presidente Medici,BR,-11.1753,-61.9014,75.18,79,3,1.23,Clear,2021-05-27 23:23:01
193,Santa Maria,BR,-29.6842,-53.8069,56.5,94,0,4.41,Clear,2021-05-27 23:23:01
194,Itapetininga,BR,-23.5917,-48.0531,63.05,76,60,2.42,Clouds,2021-05-27 23:23:01
195,Nhulunbuy,AU,-12.2333,136.7667,77.61,78,75,9.22,Clouds,2021-05-27 23:23:02
196,Airai,TL,-8.9266,125.4092,64.54,68,57,5.03,Clouds,2021-05-27 23:23:02
197,Avarua,CK,-21.2078,-159.775,84.25,79,40,17.27,Rain,2021-05-27 23:23:02
198,Sitka,US,57.0531,-135.33,51.17,76,72,6.6,Clouds,2021-05-27 23:23:03
199,Namatanai,PG,-3.6667,152.4333,78.33,89,100,6.64,Rain,2021-05-27 23:23:03
200,Terrace,CA,54.5163,-128.6035,51.71,87,90,11.5,Rain,2021-05-27 23:23:03
201,Guerrero,MX,17.6667,-100.0,79.95,51,81,6.35,Clouds,2021-05-27 23:23:31
202,San Quintin,MX,30.4833,-115.95,63.21,65,0,16.71,Clear,2021-05-27 23:23:04
203,Port Hedland,AU,-20.3167,118.5667,77.05,41,75,10.36,Clouds,2021-05-27 23:23:04
204,Shenjiamen,CN,29.9576,122.298,69.94,93,100,14.38,Clouds,2021-05-27 23:23:04
205,Manggar,ID,-2.8833,108.2667,82.83,81,82,7.52,Clouds,2021-05-27 23:23:05
206,Artesia,US,33.8658,-118.0831,86.99,60,1,7.0,Clear,2021-05-27 23:23:19
207,Gat,IL,31.61,34.7642,75.4,76,0,5.44,Clear,2021-05-27 23:23:05
208,Mazamari,PE,-11.3258,-74.5308,73.69,76,70,2.15,Clouds,2021-05-27 23:23:05
209,Tautira,PF,-17.7333,-149.15,86.02,67,23,10.49,Clouds,2021-05-27 23:23:06
210,Tikrit,IQ,34.6071,43.6782,85.01,16,0,5.12,Clear,2021-05-27 23:23:06
211,Roma,US,43.2128,-75.4557,58.51,62,68,1.01,Clouds,2021-05-27 23:23:06
212,Puerto Escondido,MX,15.85,-97.0667,84.43,71,100,7.7,Clouds,2021-05-27 23:23:07
213,Fayetteville,US,35.0527,-78.8784,92.23,39,1,3.44,Clear,2021-05-27 23:23:17
214,Sur,OM,22.5667,59.5289,86.0,54,1,2.08,Clear,2021-05-27 23:23:07
215,Santa Vitoria Do Palmar,BR,-33.5189,-53.3681,56.98,85,0,7.34,Clear,2021-05-27 23:23:07
216,Lufilufi,WS,-13.8745,-171.5986,89.38,70,28,6.15,Clouds,2021-05-27 23:23:08
217,Zhangzhou,CN,24.5133,117.6556,84.13,66,99,2.75,Clouds,2021-05-27 23:23:08
218,Nome,US,64.5011,-165.4064,60.12,35,3,1.3,Clear,2021-05-27 23:23:08
219,Hammerfest,NO,70.6634,23.6821,37.85,75,90,2.3,Clouds,2021-05-27 23:23:09
220,Imbituba,BR,-28.24,-48.6703,58.89,67,2,3.56,Clear,2021-05-27 23:23:09
221,Mahanje,TZ,-9.9333,35.3333,54.72,90,25,2.48,Clouds,2021-05-27 23:23:09
222,Karpathos,GR,35.507,27.2132,67.96,88,1,8.97,Clear,2021-05-27 23:23:10
223,Jalu,LY,29.0331,21.5482,77.67,32,11,9.82,Clouds,2021-05-27 23:23:10
224,Balakhta,RU,55.38,91.6,48.9,86,93,16.93,Clouds,2021-05-27 23:23:10
225,Harper,LR,4.375,-7.7169,79.16,85,41,6.98,Clouds,2021-05-27 23:23:10
226,Codrington,AU,-38.2667,141.9667,53.55,61,100,9.26,Clouds,2021-05-27 23:23:11
227,Acaponeta,MX,22.4964,-105.3594,91.27,37,13,8.5,Clouds,2021-05-27 23:23:11
228,Yazd,IR,31.8972,54.3675,75.31,22,0,6.91,Clear,2021-05-27 23:23:11
229,Amapa,BR,1.0,-52.0,71.85,99,100,2.73,Clouds,2021-05-27 23:23:12
230,Bundaberg,AU,-24.85,152.35,69.22,32,0,5.99,Clear,2021-05-27 23:23:12
231,Nishihara,JP,26.1842,127.7558,81.68,89,75,15.05,Clouds,2021-05-27 23:23:12
232,Lompoc,US,34.6391,-120.4579,76.14,74,24,4.0,Clouds,2021-05-27 23:23:13
233,Port Hardy,CA,50.6996,-127.4199,50.18,93,90,9.22,Rain,2021-05-27 23:23:13
234,Kutum,SD,14.2,24.6667,81.61,19,87,2.35,Clouds,2021-05-27 23:23:13
235,Maningrida,AU,-12.0667,134.2667,77.77,58,63,15.19,Clouds,2021-05-27 23:23:14
236,Muisne,EC,0.6,-80.0333,76.68,87,91,10.71,Clouds,2021-05-27 23:23:14
237,Dongsheng,CN,39.8161,109.9776,55.45,24,0,8.32,Clear,2021-05-27 23:23:14
238,Turukhansk,RU,65.8167,87.9833,41.29,85,100,12.68,Clouds,2021-05-27 23:23:14
239,Castro,BR,-24.7911,-50.0119,59.27,86,78,3.0,Clouds,2021-05-27 23:23:15
240,Lao Cai,VN,22.4833,103.95,78.93,97,90,0.6,Clouds,2021-05-27 23:23:15
241,Nanortalik,GL,60.1432,-45.2371,42.6,74,38,3.04,Clouds,2021-05-27 23:23:15
242,Upernavik,GL,72.7868,-56.1549,33.78,98,85,5.53,Clouds,2021-05-27 23:23:16
243,Nuuk,GL,64.1835,-51.7216,36.88,86,6,4.0,Clear,2021-05-27 23:23:50
244,Urumqi,CN,43.801,87.6005,76.15,24,0,2.93,Clear,2021-05-27 23:23:16
245,Thompson,CA,55.7435,-97.8558,57.36,26,75,11.5,Clouds,2021-05-27 23:23:16
246,Lagoa,PT,39.05,-27.9833,58.64,58,99,6.08,Clouds,2021-05-27 23:23:17
247,Luganville,VU,-15.5333,167.1667,78.28,54,85,3.44,Clouds,2021-05-27 23:23:17
248,Gniezno,PL,52.5348,17.5826,48.38,97,63,7.31,Clouds,2021-05-27 23:23:17
249,Gorontalo,ID,0.5412,123.0595,83.44,76,27,4.52,Clouds,2021-05-27 23:23:18
250,Katsuura,JP,35.1333,140.3,73.24,77,100,4.52,Clouds,2021-05-27 23:23:18
251,Yar-Sale,RU,66.8333,70.8333,35.1,67,80,5.28,Clouds,2021-05-27 23:23:18
252,Rosarito,MX,32.3333,-117.0333,78.4,66,0,10.65,Clear,2021-05-27 23:23:18
253,Diamantino,BR,-14.4086,-56.4461,77.36,55,47,2.42,Clouds,2021-05-27 23:23:29
254,Lagos,NG,6.5833,3.75,80.92,90,100,4.88,Clouds,2021-05-27 23:23:19
255,Sao Filipe,CV,14.8961,-24.4956,73.87,75,4,6.29,Clear,2021-05-27 23:23:19
256,Victor Harbor,AU,-35.5667,138.6167,57.99,86,98,8.28,Clouds,2021-05-27 23:23:20
257,Ulverstone,AU,-41.15,146.1667,51.21,54,18,7.2,Clouds,2021-05-27 23:23:20
258,Saint Peters,US,38.8003,-90.6265,69.51,93,100,1.99,Clouds,2021-05-27 23:23:33
259,Iqaluit,CA,63.7506,-68.5145,33.53,74,75,15.99,Clouds,2021-05-27 23:23:20
260,Chara,RU,56.9064,118.2631,49.95,61,89,0.98,Clouds,2021-05-27 23:23:21
261,Kouango,CF,4.9934,19.9619,69.89,96,92,2.08,Clouds,2021-05-27 23:23:21
262,Altamira,BR,-3.2033,-52.2064,76.84,65,65,1.68,Clouds,2021-05-27 23:23:21
263,La Ronge,CA,55.1001,-105.2842,66.42,25,40,18.41,Clouds,2021-05-27 23:23:22
264,Faanui,PF,-16.4833,-151.75,81.05,70,67,11.34,Clouds,2021-05-27 23:23:22
265,Shawnee,US,39.05,-95.7669,75.29,78,77,3.0,Clouds,2021-05-27 23:23:22
266,Panaba,MX,21.2833,-88.2667,81.81,68,28,13.33,Clouds,2021-05-27 23:23:23
267,Calderitas,MX,18.55,-88.25,84.99,71,43,12.64,Clouds,2021-05-27 23:23:23
268,Mpanda,TZ,-6.3655,31.0409,61.36,84,11,2.01,Clouds,2021-05-27 23:23:23
269,Kalmunai,LK,7.4167,81.8167,78.12,76,50,4.63,Clouds,2021-05-27 23:23:07
270,Cairns,AU,-16.9167,145.7667,80.11,70,40,11.5,Clouds,2021-05-27 23:23:24
271,Souillac,MU,-20.5167,57.5167,74.35,94,75,6.62,Clouds,2021-05-27 23:23:24
272,Mount Gambier,AU,-37.8333,140.7667,49.91,93,90,4.61,Clouds,2021-05-27 23:23:25
273,Ammon,US,43.4696,-111.9666,72.82,34,64,1.99,Clouds,2021-05-27 23:23:25
274,Victoria,HK,22.2855,114.1577,89.33,84,99,1.01,Clouds,2021-05-27 23:23:05
275,Elko,US,41.0002,-115.5012,76.05,10,9,15.99,Clear,2021-05-27 23:23:25
276,Torbay,CA,47.6666,-52.7314,53.89,96,90,28.77,Clouds,2021-05-27 23:23:26
277,San Policarpo,PH,12.1791,125.5072,83.46,81,62,8.23,Clouds,2021-05-27 23:23:26
278,Vila Franca Do Campo,PT,37.7167,-25.4333,59.41,75,49,5.44,Clouds,2021-05-27 23:23:26
279,Pisco,PE,-13.7,-76.2167,65.01,94,90,2.3,Clouds,2021-05-27 23:23:27
280,Flinders,AU,-34.5833,150.8552,59.18,55,12,8.01,Clouds,2021-05-27 23:23:27
281,Homer,US,59.6425,-151.5483,63.09,61,15,13.0,Clouds,2021-05-27 23:23:27
282,Nagato,JP,34.3833,131.2,68.45,69,28,11.34,Clouds,2021-05-27 23:23:27
283,Haines Junction,CA,60.7522,-137.5108,57.15,38,97,13.8,Clouds,2021-05-27 23:23:28
284,Samarai,PG,-10.6167,150.6667,78.66,69,96,16.84,Clouds,2021-05-27 23:23:28
285,Valparaiso,CL,-33.0393,-71.6273,56.84,100,75,10.09,Clouds,2021-05-27 23:23:28
286,Los Llanos De Aridane,ES,28.6585,-17.9182,62.35,77,0,12.33,Clear,2021-05-27 23:23:29
287,Loa Janan,ID,-0.583,117.095,78.08,94,49,0.58,Rain,2021-05-27 23:23:29
288,Diamantina,BR,-18.2494,-43.6003,62.98,82,85,2.89,Clouds,2021-05-27 23:23:29
289,Kailua,US,21.4022,-157.7394,87.21,65,78,11.9,Clouds,2021-05-27 23:23:30
290,Jagdalpur,IN,19.0667,82.0333,78.62,39,100,4.38,Clouds,2021-05-27 23:23:30
291,Inongo,CD,-1.95,18.2667,71.67,69,79,1.21,Clouds,2021-05-27 23:23:30
292,Alto Araguaia,BR,-17.3147,-53.2153,74.46,54,37,3.67,Clouds,2021-05-27 23:23:31
293,Ulladulla,AU,-35.35,150.4667,58.87,52,38,15.86,Clouds,2021-05-27 23:23:31
294,Bukama,CD,-9.2,25.85,62.58,55,62,2.98,Clouds,2021-05-27 23:23:31
295,Biak,ID,-0.9131,122.8766,80.35,73,23,6.44,Clouds,2021-05-27 23:23:32
296,Komsomolskiy,UZ,40.4272,71.7189,69.22,48,8,6.91,Clear,2021-05-27 23:23:32
297,Ternate,ID,0.8,127.4,82.96,74,50,3.04,Clouds,2021-05-27 23:23:32
298,Akureyri,IS,65.6835,-18.0878,48.13,57,10,17.27,Clear,2021-05-27 23:23:32
299,Mwinilunga,ZM,-11.7358,24.4293,51.24,60,1,4.0,Clear,2021-05-27 23:23:33
300,Concarneau,FR,47.875,-3.9225,54.39,91,98,5.88,Clouds,2021-05-27 23:23:33
301,Bilma,NE,18.6853,12.9164,84.72,7,0,3.38,Clear,2021-05-27 23:23:33
302,Iralaya,HN,15.0,-83.2333,84.29,80,56,10.74,Clouds,2021-05-27 23:23:34
303,Arraial Do Cabo,BR,-22.9661,-42.0278,72.57,86,1,8.5,Clear,2021-05-27 23:23:34
304,Inhambane,MZ,-23.865,35.3833,65.75,78,0,6.76,Clear,2021-05-27 23:23:34
305,Touros,BR,-5.1989,-35.4608,77.9,84,11,12.41,Clouds,2021-05-27 23:23:16
306,Goderich,CA,43.7501,-81.7165,51.03,66,100,8.05,Clouds,2021-05-27 23:23:16
307,Talaya,RU,61.3833,152.75,45.99,57,76,4.27,Clouds,2021-05-27 23:23:35
308,Vestmannaeyjar,IS,63.4427,-20.2734,45.23,82,73,36.08,Clouds,2021-05-27 23:23:35
309,Ribeira Grande,PT,38.5167,-28.7,59.56,63,100,8.34,Clouds,2021-05-27 23:23:35
310,Sterling,US,39.0062,-77.4286,79.09,56,1,5.57,Clear,2021-05-27 23:23:36
311,Abong Mbang,CM,3.9833,13.1833,68.59,99,100,1.68,Clouds,2021-05-27 23:23:36
312,Vila Velha,BR,-20.3297,-40.2925,75.15,93,20,3.44,Clouds,2021-05-27 23:23:36
313,Santiago De Cao,PE,-7.9589,-79.2392,66.33,94,90,10.33,Clouds,2021-05-27 23:23:37
314,Christchurch,NZ,-43.5333,172.6333,54.0,83,75,1.99,Clouds,2021-05-27 23:23:22
315,Ust-Uda,RU,54.1742,103.0304,44.55,48,74,4.45,Clouds,2021-05-27 23:23:37
316,Cranbrook,CA,49.4999,-115.7688,63.46,51,75,9.08,Clouds,2021-05-27 23:23:37
317,Ikovka,RU,55.6089,64.9375,45.16,72,4,3.56,Clear,2021-05-27 23:23:38
318,Bara,NG,10.3744,10.7288,84.54,46,21,7.2,Clouds,2021-05-27 23:23:38
319,Ozernovskiy,RU,51.5,156.5167,37.67,93,100,7.25,Clouds,2021-05-27 23:23:38
320,Sao Gabriel Da Cachoeira,BR,-0.1303,-67.0892,72.99,99,36,2.35,Clouds,2021-05-27 23:23:39
321,Sorong,ID,-0.8833,131.25,79.92,84,67,5.82,Clouds,2021-05-27 23:23:39
322,Kaiserslautern,DE,49.45,7.75,50.77,95,16,1.63,Clouds,2021-05-27 23:23:39
323,Concepcion De Buenos Aires,MX,19.9667,-103.2667,75.67,34,82,5.73,Clouds,2021-05-27 23:23:40
324,Taoudenni,ML,22.6783,-3.9836,98.91,14,41,10.38,Clouds,2021-05-27 23:23:40
325,San Cristobal,VE,7.7669,-72.225,66.76,99,96,2.17,Clouds,2021-05-27 23:23:40
326,Tezu,IN,27.9167,96.1667,74.61,97,99,2.64,Clouds,2021-05-27 23:23:41
327,Saint-Denis,FR,48.9167,2.3333,54.37,78,0,3.44,Clear,2021-05-27 23:23:41
328,Oussouye,SN,12.485,-16.5469,77.18,74,7,7.4,Clear,2021-05-27 23:23:41
329,Yeppoon,AU,-23.1333,150.7333,64.18,34,0,6.35,Clear,2021-05-27 23:23:41
330,Anadyr,RU,64.75,177.4833,43.3,60,0,13.0,Clear,2021-05-27 23:23:42
331,Matagami,CA,49.7502,-77.6328,35.71,51,90,9.46,Clouds,2021-05-27 23:23:42
332,Bengkulu,ID,-3.8004,102.2655,76.48,90,97,4.09,Clouds,2021-05-27 23:23:42
333,Mutis,CO,6.2262,-77.4044,79.74,87,95,5.73,Rain,2021-05-27 23:23:43
334,Vila,PT,42.0304,-8.1588,57.74,74,99,1.3,Clouds,2021-05-27 23:23:43
335,Muroto,JP,33.2833,134.15,64.44,82,100,8.61,Clouds,2021-05-27 23:23:15
336,Santa Rosa,PH,14.3122,121.1114,87.12,72,95,8.01,Clouds,2021-05-27 23:23:44
337,Mayor Pablo Lagerenza,PY,-19.9309,-60.7718,80.91,48,96,6.71,Clouds,2021-05-27 23:23:44
338,Antalaha,MG,-14.9003,50.2788,68.36,84,1,6.26,Clear,2021-05-27 23:23:44
339,Rio Gallegos,AR,-51.6226,-69.2181,30.25,74,75,13.8,Clouds,2021-05-27 23:23:45
340,Millerovo,RU,48.9226,40.3967,61.77,71,80,6.76,Rain,2021-05-27 23:23:45
341,Kitui,KE,-1.367,38.0106,58.78,97,100,3.76,Clouds,2021-05-27 23:23:45
342,College,US,64.8569,-147.8028,57.38,47,85,1.01,Clouds,2021-05-27 23:23:46
343,Kolo,PL,52.2002,18.6387,51.24,95,76,7.18,Clouds,2021-05-27 23:23:46
344,Batagay-Alyta,RU,67.8006,130.4114,57.96,40,65,4.23,Clouds,2021-05-27 23:23:46
345,Arman,RU,59.7,150.1667,43.41,85,100,6.4,Clouds,2021-05-27 23:23:47
346,Brainerd,US,46.358,-94.2008,50.29,64,100,10.27,Clouds,2021-05-27 23:23:47
347,Virginia Beach,US,36.8529,-75.978,82.42,67,20,8.05,Clouds,2021-05-27 23:23:17
348,Ostrovnoy,RU,68.0531,39.5131,38.97,71,100,20.92,Clouds,2021-05-27 23:23:47
349,Thomaston,US,32.8882,-84.3266,83.32,62,90,1.01,Clouds,2021-05-27 23:23:48
350,Filingue,NE,14.3521,3.3168,94.82,24,83,4.0,Clouds,2021-05-27 23:23:48
351,Parkersburg,US,39.2667,-81.5615,77.47,99,99,1.01,Clouds,2021-05-27 23:23:48
352,Yamada,JP,39.4667,141.95,66.43,65,72,3.53,Clouds,2021-05-27 23:23:49
353,Vavoua,CI,7.3819,-6.4778,74.01,93,100,5.3,Clouds,2021-05-27 23:23:49
354,Huanren,CN,41.2647,125.3667,52.07,95,100,1.83,Rain,2021-05-27 23:23:49
355,Vidim,RU,56.4088,103.1106,43.43,46,11,8.52,Clouds,2021-05-27 23:23:50
356,Snezhnogorsk,RU,69.1933,33.2531,38.98,81,99,16.58,Clouds,2021-05-27 23:23:50
357,Chicama,PE,-7.8447,-79.1469,64.94,85,50,6.38,Clouds,2021-05-27 23:23:50
358,Tevriz,RU,57.509,72.4042,45.73,70,97,4.21,Clouds,2021-05-27 23:23:50
359,Hambantota,LK,6.1241,81.1185,80.4,80,99,22.03,Clouds,2021-05-27 23:23:51
360,Canmore,CA,51.0834,-115.3521,69.24,47,73,12.46,Clouds,2021-05-27 23:23:35
361,Rorvik,NO,64.8621,11.2373,45.59,77,54,16.73,Clouds,2021-05-27 23:23:51
362,Shimanovsk,RU,52.0,127.7,56.95,49,85,5.12,Clouds,2021-05-27 23:23:51
363,Mount Isa,AU,-20.7333,139.5,64.17,27,1,11.5,Clear,2021-05-27 23:23:52
364,Jaguey Grande,CU,22.5269,-81.1286,81.82,56,100,8.84,Clouds,2021-05-27 23:23:52
365,Cayenne,GF,4.9333,-52.3333,76.08,90,20,5.91,Clouds,2021-05-27 23:23:01
366,Mocuba,MZ,-16.8392,36.9856,59.99,98,0,2.98,Clear,2021-05-27 23:23:52
367,Nizhniy Baskunchak,RU,48.2198,46.8311,70.56,41,100,11.5,Clouds,2021-05-27 23:23:53
368,Tura,IN,25.5198,90.2201,73.42,92,92,4.07,Clouds,2021-05-27 23:23:53
369,Pangkalanbuun,ID,-2.6833,111.6167,78.78,93,36,1.88,Clouds,2021-05-27 23:23:53
370,Olden,NO,61.8364,6.8064,48.9,81,7,2.19,Clear,2021-05-27 23:23:54
371,Axim,GH,4.8699,-2.2405,80.08,84,83,6.42,Rain,2021-05-27 23:23:54
372,Vangaindrano,MG,-23.35,47.6,64.08,91,4,4.03,Clear,2021-05-27 23:23:54
373,San Jose,US,37.3394,-121.895,80.96,53,1,11.99,Clear,2021-05-27 23:23:24
374,Dingle,PH,10.9995,122.6711,84.25,74,94,3.36,Rain,2021-05-27 23:23:55
375,Grajau,BR,-5.8194,-46.1386,73.8,71,8,3.71,Clear,2021-05-27 23:23:55
376,Peniche,PT,39.3558,-9.3811,63.63,85,93,11.14,Clouds,2021-05-27 23:23:55
377,Lerwick,GB,60.1545,-1.1494,46.4,89,27,8.12,Clouds,2021-05-27 23:23:56
378,Petropavlovsk-Kamchatskiy,RU,53.0452,158.6483,54.19,44,20,10.18,Clouds,2021-05-27 23:23:56
379,Saint Anthony,US,45.0205,-93.218,45.1,89,90,4.0,Clouds,2021-05-27 23:23:56
380,Oranjestad,AW,12.524,-70.027,82.35,81,40,3.0,Clouds,2021-05-27 23:23:57
381,Francistown,BW,-21.17,27.5079,52.54,44,0,4.7,Clear,2021-05-27 23:23:57
382,Fort Nelson,CA,58.8053,-122.7002,62.19,31,75,2.3,Clouds,2021-05-27 23:23:57
383,Rocha,UY,-34.4833,-54.3333,54.43,90,1,7.67,Clear,2021-05-27 23:23:26
384,Sayyan,YE,15.1718,44.3244,62.15,30,56,4.45,Clouds,2021-05-27 23:23:58
385,Phan Thiet,VN,10.9333,108.1,79.81,82,81,3.0,Clouds,2021-05-27 23:23:54
386,Borger,NL,52.9233,6.7931,48.79,92,6,6.91,Clear,2021-05-27 23:23:58
387,Keti Bandar,PK,24.1447,67.4497,83.46,85,3,14.38,Clear,2021-05-27 23:23:58
388,San Pedro De Macoris,DO,18.4616,-69.2972,83.01,72,60,11.21,Clouds,2021-05-27 23:23:59
389,Zlitan,LY,32.4674,14.5687,75.51,44,34,12.33,Clouds,2021-05-27 23:23:59
390,Ossora,RU,59.2353,163.0719,37.08,95,100,4.0,Rain,2021-05-27 23:23:59
391,Marawi,PH,7.9986,124.2928,75.65,74,46,1.25,Clouds,2021-05-27 23:23:00
392,Maragogi,BR,-9.0122,-35.2225,76.68,80,71,10.8,Clouds,2021-05-27 23:23:25
393,Pitimbu,BR,-7.4706,-34.8086,75.79,84,65,11.88,Clouds,2021-05-27 23:23:00
394,Buta,CD,2.7858,24.73,68.14,99,99,1.86,Clouds,2021-05-27 23:23:00
395,Elat,IL,29.5581,34.9482,80.44,22,0,9.22,Clear,2021-05-27 23:23:01
396,Hervey Bay,AU,-25.2986,152.8535,69.04,54,6,4.0,Clear,2021-05-27 23:23:01
397,Cockburn Town,TC,21.4612,-71.1419,78.98,77,6,16.11,Clear,2021-05-27 23:23:01
398,Coahuayana,MX,18.7333,-103.6833,85.8,52,100,5.06,Clouds,2021-05-27 23:23:01
399,Kudahuvadhoo,MV,2.6708,72.8944,83.89,74,100,20.4,Clouds,2021-05-27 23:23:02
400,Orcopampa,PE,-15.2661,-72.3417,46.87,60,75,2.8,Clouds,2021-05-27 23:23:02
401,Pacific Grove,US,36.6177,-121.9166,81.16,81,90,3.0,Clouds,2021-05-27 23:23:02
402,Saint-Augustin,CA,51.226,-58.6502,45.43,86,79,3.47,Clouds,2021-05-27 23:23:03
403,Hay River,CA,60.8156,-115.7999,53.58,50,75,9.22,Clouds,2021-05-27 23:23:03
404,Camana,PE,-16.6228,-72.7111,66.0,87,77,2.59,Clouds,2021-05-27 23:23:03
405,Segou,ML,13.4317,-6.2157,92.82,28,81,7.92,Clouds,2021-05-27 23:23:04
406,Dasoguz,TM,41.8363,59.9666,76.95,47,0,9.55,Clear,2021-05-27 23:23:04
407,Chokurdakh,RU,70.6333,147.9167,42.08,57,21,12.06,Clouds,2021-05-27 23:23:45
408,Warrington,GB,53.3925,-2.5802,54.79,82,100,1.28,Clouds,2021-05-27 23:23:04
409,Kloulklubed,PW,7.0419,134.2556,84.56,77,100,9.73,Clouds,2021-05-27 23:23:05
410,Comodoro Rivadavia,AR,-45.8667,-67.5,53.46,54,75,12.66,Rain,2021-05-27 23:23:05
411,Hornepayne,CA,49.2138,-84.7705,47.37,31,4,6.53,Clear,2021-05-27 23:23:05
412,Sibu,MY,2.3,111.8167,77.31,94,20,1.99,Clouds,2021-05-27 23:23:06
413,Zhezkazgan,KZ,47.8043,67.7144,61.97,53,81,15.28,Clouds,2021-05-27 23:23:06
414,Khani,GE,41.9563,42.9566,49.57,76,22,5.26,Clouds,2021-05-27 23:23:06
415,Neiafu,TO,-18.65,-173.9833,79.48,78,75,4.61,Clouds,2021-05-27 23:23:07
416,Dossor,KZ,47.5272,52.9811,77.25,46,100,13.98,Clouds,2021-05-27 23:23:07
417,Zhigansk,RU,66.7697,123.3711,50.88,62,5,19.71,Clear,2021-05-27 23:23:07
418,Laizhou,CN,37.1717,119.9214,63.18,57,4,25.19,Rain,2021-05-27 23:23:08
419,Aleysk,RU,52.4926,82.7822,47.44,66,2,10.0,Clear,2021-05-27 23:23:08
420,Mettur,IN,11.8,77.8,76.48,79,2,1.95,Clear,2021-05-27 23:23:08
421,Bentiu,SS,9.2333,29.8333,79.32,68,56,5.08,Clouds,2021-05-27 23:23:08
422,Emerald,AU,-23.5333,148.1667,63.34,44,0,19.57,Clear,2021-05-27 23:23:09
423,Tabas,IR,33.5959,56.9244,79.27,27,7,2.86,Clear,2021-05-27 23:23:09
424,Hastings,GB,50.8552,0.5729,52.77,85,69,7.83,Clouds,2021-05-27 23:23:09
425,Dodge City,US,37.7528,-100.0171,75.63,55,16,15.99,Clouds,2021-05-27 23:23:37
426,Naze,JP,28.3667,129.4833,70.72,93,100,0.63,Rain,2021-05-27 23:23:10
427,Lastoursville,GA,-0.8143,12.7287,72.81,98,94,1.45,Rain,2021-05-27 23:23:10
428,Port Moresby,PG,-9.4431,147.1797,80.02,65,20,4.61,Clouds,2021-05-27 23:23:18
429,Shieli,KZ,44.1667,66.75,74.75,41,66,5.26,Clouds,2021-05-27 23:23:11
430,Port Blair,IN,11.6667,92.75,82.11,80,100,7.16,Clouds,2021-05-27 23:23:11
431,Mogadishu,SO,2.0371,45.3438,78.31,82,35,13.53,Clouds,2021-05-27 23:23:11
432,Bowmore,US,34.9421,-79.3031,89.19,51,63,3.4,Clouds,2021-05-27 23:23:11
433,Beringovskiy,RU,63.05,179.3167,33.24,96,99,6.2,Clouds,2021-05-27 23:23:12
434,Monrovia,LR,6.3005,-10.7969,78.57,82,12,7.49,Clouds,2021-05-27 23:23:12
435,Margate,GB,51.3813,1.3862,52.75,79,78,1.99,Clouds,2021-05-27 23:23:57
436,Henties Bay,NA,-22.116,14.2845,58.86,81,8,8.52,Clear,2021-05-27 23:23:12
437,Totolapa,MX,18.5167,-96.1833,85.93,52,88,9.44,Clouds,2021-05-27 23:23:13
438,Tala,EG,30.6803,30.9429,67.01,75,0,5.82,Clear,2021-05-27 23:23:13
439,Guilin,CN,25.2819,110.2864,73.51,93,99,1.16,Clouds,2021-05-27 23:23:13
440,Harnosand,SE,62.6323,17.9379,39.0,75,12,4.47,Clouds,2021-05-27 23:23:11
441,Jasper,US,37.2001,-94.3502,66.99,91,100,3.0,Rain,2021-05-27 23:23:24
442,Tabou,CI,4.423,-7.3528,79.48,84,50,7.16,Clouds,2021-05-27 23:23:14
443,Sulphur,US,30.2366,-93.3774,84.81,71,75,9.24,Clouds,2021-05-27 23:23:14
444,Aulla,IT,44.2146,9.9678,57.94,89,10,4.52,Clear,2021-05-27 23:23:15
445,Saint George,US,37.1041,-113.5841,95.47,9,1,1.01,Clear,2021-05-27 23:23:39
446,Belaya Gora,RU,68.5333,146.4167,60.93,36,35,11.83,Clouds,2021-05-27 23:23:15
447,Olafsvik,IS,64.8945,-23.7142,45.99,80,6,5.32,Clear,2021-05-27 23:23:15
448,Pemba,MZ,-12.974,40.5178,70.7,86,33,12.08,Rain,2021-05-27 23:23:16
449,Sechura,PE,-5.5569,-80.8222,72.01,73,34,15.9,Clouds,2021-05-27 23:23:16
450,Litovko,RU,49.2361,135.1742,57.27,56,23,6.31,Clouds,2021-05-27 23:23:16
451,Mikkeli,FI,61.6886,27.2723,47.14,100,90,1.14,Clouds,2021-05-27 23:23:17
452,Rawson,AR,-43.3002,-65.1023,56.08,41,91,16.17,Clouds,2021-05-27 23:23:17
453,Bluefield,US,37.2698,-81.2223,73.18,74,86,2.3,Clouds,2021-05-27 23:23:17
454,Chengam,IN,12.3,78.8,77.95,65,32,7.38,Clouds,2021-05-27 23:23:18
455,Gustavo Diaz Ordaz,MX,26.2333,-98.5833,88.03,70,6,5.01,Clear,2021-05-27 23:23:18
456,Makakilo City,US,21.3469,-158.0858,85.75,51,75,10.09,Clouds,2021-05-27 23:23:18
457,Vardo,NO,70.3705,31.1107,36.9,76,83,23.17,Clouds,2021-05-27 23:23:19
458,Goure,NE,13.9835,10.2704,80.38,8,13,6.29,Clouds,2021-05-27 23:23:19
459,Asau,RO,46.4333,26.4,59.4,100,90,3.74,Clouds,2021-05-27 23:23:19
460,Camopi,GF,3.1655,-52.3158,71.06,100,100,0.45,Rain,2021-05-27 23:23:20
461,Qaqortoq,GL,60.7167,-46.0333,44.78,64,63,5.01,Clouds,2021-05-27 23:23:20
462,Dixon,US,38.4455,-121.8233,92.79,31,1,17.05,Clear,2021-05-27 23:23:20
463,Kattivakkam,IN,13.2167,80.3167,87.08,66,45,13.78,Clouds,2021-05-27 23:23:21
464,Calvinia,ZA,-31.4707,19.776,49.05,57,49,4.85,Clouds,2021-05-27 23:23:21
465,Ust-Nera,RU,64.5667,143.2,52.36,55,56,6.85,Clouds,2021-05-27 23:23:21
466,Hualmay,PE,-11.0964,-77.6139,66.15,90,30,8.05,Clouds,2021-05-27 23:23:22
467,Whitehorse,CA,60.7161,-135.0538,65.01,20,75,15.01,Clouds,2021-05-27 23:23:22
468,Fare,PF,-16.7,-151.0167,80.24,74,55,10.22,Clouds,2021-05-27 23:23:22
469,Kurilsk,RU,45.2333,147.8833,45.68,77,100,8.46,Rain,2021-05-27 23:23:22
470,Dunedin,NZ,-45.8742,170.5036,47.8,87,100,8.01,Rain,2021-05-27 23:23:58
471,Yulara,AU,-25.2406,130.9889,46.24,61,78,9.22,Clouds,2021-05-27 23:23:23
472,Delta Del Tigre,UY,-34.7633,-56.3853,59.2,77,4,11.68,Clear,2021-05-27 23:23:23
473,Lata,PT,40.1629,-8.3327,61.72,90,100,0.94,Clouds,2021-05-27 23:23:23
474,Sao Miguel Do Araguaia,BR,-13.275,-50.1628,76.86,39,3,3.38,Clear,2021-05-27 23:23:24
475,Tazmalt,DZ,36.3868,4.3989,70.56,67,88,2.84,Clouds,2021-05-27 23:23:01
476,Stornoway,GB,58.2093,-6.3865,45.93,93,97,2.3,Clouds,2021-05-27 23:23:24
477,Aquiraz,BR,-3.9014,-38.3911,82.49,84,51,13.71,Clouds,2021-05-27 23:23:25
478,South Venice,US,27.0531,-82.4243,84.06,71,1,9.22,Clear,2021-05-27 23:23:25
479,Sibolga,ID,1.7427,98.7792,76.62,89,97,3.09,Clouds,2021-05-27 23:23:25
480,Umm Kaddadah,SD,13.6017,26.6876,84.06,11,74,10.96,Clouds,2021-05-27 23:23:25
481,Para De Minas,BR,-19.8603,-44.6083,71.64,60,62,3.94,Clouds,2021-05-27 23:23:08
482,Manta,EC,-0.95,-80.7333,76.78,83,90,9.22,Clouds,2021-05-27 23:23:26
483,Porto Velho,BR,-8.7619,-63.9039,78.85,83,20,0.0,Rain,2021-05-27 23:23:26
484,Caravelas,BR,-17.7125,-39.2481,74.12,83,38,6.71,Clouds,2021-05-27 23:23:27
485,Tutoia,BR,-2.7619,-42.2744,79.5,79,33,6.33,Clouds,2021-05-27 23:23:13
486,Sampit,ID,-2.5333,112.95,80.46,83,9,2.24,Clear,2021-05-27 23:23:27
487,Sindou,BF,10.6667,-5.1667,83.73,56,95,4.76,Clouds,2021-05-27 23:23:27
488,Mehamn,NO,71.0357,27.8492,35.96,77,95,21.0,Clouds,2021-05-27 23:23:28
489,Southern Pines,US,35.174,-79.3923,88.25,51,73,3.85,Clouds,2021-05-27 23:23:28
490,Sola,VU,-13.8833,167.55,77.45,61,91,9.84,Clouds,2021-05-27 23:23:28
491,Warora,IN,20.2333,79.0,89.38,43,88,10.27,Clouds,2021-05-27 23:23:28
492,Corinto,GR,37.9407,22.9573,73.69,69,10,1.01,Clear,2021-05-27 23:23:29
493,Bahia Honda,CU,22.9036,-83.1592,78.21,76,52,9.66,Clouds,2021-05-27 23:23:29
494,Lensk,RU,60.7253,114.9278,56.77,68,52,3.98,Clouds,2021-05-27 23:23:29
495,Plaine Magnien,MU,-20.4286,57.6531,73.4,94,75,3.44,Clouds,2021-05-27 23:23:30
496,Ahvaz,IR,31.3203,48.6693,85.95,25,0,2.3,Clear,2021-05-27 23:23:30
497,Deloraine,AU,-41.5333,146.6667,45.7,70,14,1.01,Clouds,2021-05-27 23:23:30
498,Kysyl-Syr,RU,63.8986,122.7617,63.18,40,8,6.08,Clear,2021-05-27 23:23:31
499,Agadir,MA,30.4202,-9.5982,66.65,89,74,8.34,Clouds,2021-05-27 23:23:31
500,Labuhan,ID,-6.8844,112.2051,80.19,81,30,6.71,Clouds,2021-05-27 23:23:31
501,Salym,RU,60.0625,71.4789,38.34,65,88,2.86,Clouds,2021-05-27 23:23:32
502,Kuandian,CN,40.7286,124.7847,52.43,90,100,7.4,Rain,2021-05-27 23:23:32
503,Kidal,ML,18.4411,1.4078,91.13,5,91,10.04,Clouds,2021-05-27 23:23:23
504,Oliveira Dos Brejinhos,BR,-12.3169,-42.8961,73.06,44,29,4.76,Clouds,2021-05-27 23:23:32
505,Berdigestyakh,RU,62.0989,126.6992,59.58,46,57,5.86,Clouds,2021-05-27 23:23:33
506,Nuevo Progreso,MX,23.1667,-97.95,90.59,69,16,5.01,Clouds,2021-05-27 23:23:33
507,Port Hawkesbury,CA,45.6169,-61.3485,51.91,84,90,5.99,Clouds,2021-05-27 23:23:33
508,Matara,LK,5.9485,80.5353,78.82,88,100,15.05,Clouds,2021-05-27 23:23:44
509,Quarai,BR,-30.3875,-56.4514,56.7,79,28,7.4,Clouds,2021-05-27 23:23:59
510,Nikolayevsk-Na-Amure,RU,53.1406,140.73,57.78,37,29,3.56,Clouds,2021-05-27 23:23:34
511,Nokha,IN,27.6,73.4167,90.52,41,13,13.29,Clouds,2021-05-27 23:23:34
512,Krasnoselkup,RU,65.7,82.4667,29.14,67,100,21.52,Clouds,2021-05-27 23:23:38
513,Salinopolis,BR,-0.6136,-47.3561,79.39,83,85,8.81,Clouds,2021-05-27 23:23:35
514,Colquechaca,BO,-18.6667,-66.0167,33.35,69,100,8.34,Clouds,2021-05-27 23:23:35
515,Sal Rei,CV,16.1833,-22.9167,70.36,82,10,15.61,Clear,2021-05-27 23:23:35
516,Brokopondo,SR,4.75,-55.1667,74.55,93,100,5.26,Clouds,2021-05-27 23:23:36
517,Gramsh,AL,40.8697,20.1844,58.37,63,2,2.57,Clear,2021-05-27 23:23:36
518,Hofn,IS,64.2539,-15.2082,43.32,77,99,10.22,Clouds,2021-05-27 23:23:36
519,Kirovskiy,RU,45.0917,133.5136,59.4,61,39,5.32,Clouds,2021-05-27 23:23:37
520,Moron,AR,-34.6534,-58.6198,66.09,68,8,4.0,Clear,2021-05-27 23:23:37
521,Mao,ES,39.8885,4.2658,61.36,82,0,4.61,Clear,2021-05-27 23:23:37
522,Atessa,IT,42.0693,14.4511,54.41,82,14,4.83,Clouds,2021-05-27 23:23:37
523,Hamilton,US,39.1834,-84.5333,78.89,65,98,3.69,Clouds,2021-05-27 23:23:04
524,Riyadh,SA,24.6877,46.7219,89.74,9,0,4.61,Clear,2021-05-27 23:23:40
525,Thinadhoo,MV,0.5333,72.9333,84.67,71,95,20.0,Clouds,2021-05-27 23:23:38
526,Baie-Comeau,CA,49.2168,-68.1489,44.6,33,75,15.12,Clouds,2021-05-27 23:23:38
527,Chukhloma,RU,58.7525,42.6825,47.53,97,23,4.14,Clouds,2021-05-27 23:23:39
528,Tuatapere,NZ,-46.1333,167.6833,49.82,90,100,1.74,Clouds,2021-05-27 23:23:34
529,Ola,RU,59.5833,151.2833,40.21,89,100,5.17,Clouds,2021-05-27 23:23:39
530,Saldanha,ZA,-33.0117,17.9442,57.25,88,76,12.37,Clouds,2021-05-27 23:23:39
531,Sioux Lookout,CA,50.1001,-91.917,53.67,26,20,2.3,Clouds,2021-05-27 23:23:40
532,Huarmey,PE,-10.0681,-78.1522,67.17,91,31,6.85,Clouds,2021-05-27 23:23:40
533,Pipri,IN,19.8,75.5333,78.31,69,99,12.82,Clouds,2021-05-27 23:23:40
534,Borovoy,RU,55.4333,86.0833,42.08,75,40,12.33,Clouds,2021-05-27 23:23:40
535,Napanee,CA,44.2501,-76.9494,62.51,70,70,4.47,Clouds,2021-05-27 23:23:41
536,Bhachau,IN,23.2833,70.35,83.57,76,99,14.61,Clouds,2021-05-27 23:23:41
537,Bawku,GH,11.0616,-0.2417,88.27,46,98,10.18,Clouds,2021-05-27 23:23:41
538,Avera,US,33.194,-82.5271,89.71,47,21,8.48,Clouds,2021-05-27 23:23:41
539,Lavrentiya,RU,65.5833,-171.0,34.65,88,6,9.13,Clear,2021-05-27 23:23:42
540,Srednekolymsk,RU,67.45,153.6833,57.72,33,42,24.29,Clouds,2021-05-27 23:23:42
541,Hope,US,33.6671,-93.5916,85.51,56,39,7.83,Clouds,2021-05-27 23:23:43
542,Kamina,CD,-8.7386,24.9906,60.28,54,43,3.67,Clouds,2021-05-27 23:23:42
543,Natal,BR,-5.795,-35.2094,79.02,78,20,9.1,Clouds,2021-05-27 23:23:43
544,Kainantu,PG,-6.2887,145.8655,67.55,83,89,1.28,Clouds,2021-05-27 23:23:43
545,Volsk,RU,52.0333,47.3833,54.7,69,66,6.51,Clouds,2021-05-27 23:23:43
546,Dubai,AE,25.2582,55.3047,86.22,62,0,6.91,Clear,2021-05-27 23:23:41
547,Abu Samrah,SY,35.3029,37.1841,67.8,55,0,8.48,Clear,2021-05-27 23:23:29
548,Gwadar,PK,25.1216,62.3254,85.6,67,0,14.47,Clear,2021-05-27 23:23:08
549,Conceicao Do Araguaia,BR,-8.2578,-49.2647,80.73,57,0,2.51,Clear,2021-05-27 23:23:44
550,Wadi Maliz,TN,36.4681,8.5495,65.86,72,100,2.28,Clouds,2021-05-27 23:23:44
551,Atar,MR,20.5169,-13.0499,87.67,18,7,6.71,Clear,2021-05-27 23:23:44
552,Tigil,RU,57.8,158.6667,43.74,60,100,5.01,Clouds,2021-05-27 23:23:45
553,Chunskiy,RU,56.0815,99.6342,46.96,49,100,9.04,Clouds,2021-05-27 23:23:45
554,Orange Cove,US,36.6244,-119.3137,91.92,9,22,10.83,Clouds,2021-05-27 23:23:45
555,Moose Jaw,CA,50.4001,-105.5344,61.29,38,40,23.02,Clouds,2021-05-27 23:23:46
556,Umm Lajj,SA,25.0213,37.2685,85.23,64,89,8.23,Clouds,2021-05-27 23:23:46
557,Svetlyy,RU,54.675,20.1347,48.25,91,11,4.41,Clouds,2021-05-27 23:23:46
558,Muzhi,RU,65.3667,64.6667,36.73,54,37,3.13,Clouds,2021-05-27 23:23:47
559,Chiang Khong,TH,20.2613,100.4046,75.52,96,90,0.29,Clouds,2021-05-27 23:23:47
560,Ambon,ID,-3.6954,128.1814,80.74,83,40,10.69,Clouds,2021-05-27 23:23:47
561,Kuusamo,FI,65.9667,29.1833,37.44,81,0,8.05,Clear,2021-05-27 23:23:48
562,Port-Gentil,GA,-0.7193,8.7815,78.76,89,75,4.61,Clouds,2021-05-27 23:23:48
563,Chamonix-Mont-Blanc,FR,45.9238,6.8693,49.53,84,12,3.0,Clouds,2021-05-27 23:23:20
564,Jinchang,CN,38.4953,102.1739,65.75,24,42,4.47,Clouds,2021-05-27 23:23:48
565,Marienburg,PL,54.0359,19.0266,49.66,95,22,6.62,Clouds,2021-05-27 23:23:49
566,Pak Phanang,TH,8.3511,100.202,78.82,84,100,11.03,Clouds,2021-05-27 23:23:49
567,La Asuncion,VE,11.0333,-63.8628,78.53,89,29,13.96,Clouds,2021-05-27 23:23:49
568,Leningradskiy,RU,69.3833,178.4167,32.83,95,83,12.68,Clouds,2021-05-27 23:23:50
569,Sao Jose Da Coroa Grande,BR,-8.8978,-35.1478,76.93,80,79,11.36,Clouds,2021-05-27 23:23:50
570,De Aar,ZA,-30.6497,24.0123,54.54,41,88,7.23,Clouds,2021-05-27 23:23:50
571,Nenjiang,CN,49.1833,125.2167,57.22,59,14,7.45,Clouds,2021-05-27 23:23:51
572,Bagdarin,RU,54.4333,113.6,46.92,74,99,3.58,Clouds,2021-05-27 23:23:51
573,Santa Cruz Del Norte,CU,23.1539,-81.9236,80.73,73,90,13.13,Clouds,2021-05-27 23:23:51
574,Redmond,US,47.674,-122.1215,60.01,75,83,8.01,Clouds,2021-05-27 23:23:08
575,Belfast,GB,54.5833,-5.9333,53.13,92,75,6.91,Rain,2021-05-27 23:23:18
576,Beyneu,KZ,45.3167,55.2,73.96,55,94,9.4,Clouds,2021-05-27 23:23:52
577,La Rioja,ES,42.25,-2.5,60.04,60,100,4.38,Clouds,2021-05-27 23:23:52
578,Chik,RU,54.9928,82.4311,43.18,70,40,14.56,Clouds,2021-05-27 23:23:52
579,Launceston,AU,-41.45,147.1667,48.15,68,8,4.68,Clear,2021-05-27 23:23:53
580,Meulaboh,ID,4.1363,96.1285,76.55,85,89,3.65,Clouds,2021-05-27 23:23:53
581,Nueve De Julio,AR,-35.4444,-60.8831,62.71,82,74,9.6,Clouds,2021-05-27 23:23:53
582,Konstantinovsk,RU,47.5828,41.0922,65.26,61,98,9.17,Clouds,2021-05-27 23:23:54
583,Boa Vista,BR,2.8197,-60.6733,78.78,83,75,5.75,Clouds,2021-05-27 23:23:54
584,Houma,US,29.5958,-90.7195,84.0,70,55,4.0,Clouds,2021-05-27 23:23:27
585,Mandalgovi,MN,45.7625,106.2708,55.24,29,47,14.88,Clouds,2021-05-27 23:23:40
586,Puerto El Triunfo,SV,13.2833,-88.55,87.96,69,99,7.47,Clouds,2021-05-27 23:23:54
587,Le Port,RE,-20.9373,55.2919,71.6,75,9,4.5,Clear,2021-05-27 23:23:55
588,Naron,ES,43.5167,-8.1528,60.6,82,100,2.01,Clouds,2021-05-27 23:23:55
589,Normandin,CA,48.8333,-72.5321,41.31,56,76,12.66,Clouds,2021-05-27 23:23:55
590,Gravdal,NO,68.1214,13.5031,42.85,83,78,9.33,Clouds,2021-05-27 23:23:56
591,Tottori,JP,35.5,134.2333,68.07,68,20,6.91,Clouds,2021-05-27 23:23:56
592,Saint Paul,US,44.9444,-93.0933,45.52,91,90,1.99,Clouds,2021-05-27 23:23:00
593,Half Moon Bay,US,37.4636,-122.4286,79.54,73,41,12.15,Clouds,2021-05-27 23:23:56
594,Namikupa,TZ,-10.8333,39.6,59.5,92,1,2.35,Clear,2021-05-27 23:23:57
595,Te Anau,NZ,-45.4167,167.7167,42.28,92,100,2.24,Rain,2021-05-27 23:23:57
596,Saint-Georges,GD,12.0564,-61.7485,82.08,78,75,23.02,Clouds,2021-05-27 23:23:16
597,Awbari,LY,26.5921,12.7805,86.31,12,10,12.17,Clear,2021-05-27 23:23:57
598,Takaungu,KE,-3.6837,39.8566,75.15,86,70,13.22,Clouds,2021-05-27 23:23:58
599,Paamiut,GL,61.994,-49.6678,38.03,86,4,12.71,Clear,2021-05-27 23:23:58
600,San Andres,CO,12.5847,-81.7006,84.22,74,75,11.5,Clouds,2021-05-27 23:23:58
601,Lotofaga,WS,-13.9764,-171.8578,89.38,68,31,6.04,Clouds,2021-05-27 23:23:59
602,Cedar City,US,37.6775,-113.0619,79.39,7,35,10.56,Clouds,2021-05-27 23:23:19
603,Bilibino,RU,68.0546,166.4372,49.24,51,92,10.16,Clouds,2021-05-27 23:23:49
604,Perelyub,RU,51.8667,50.3667,57.92,65,37,9.93,Clouds,2021-05-27 23:23:59
605,Loikaw,MM,19.6742,97.2094,73.72,67,92,1.92,Clouds,2021-05-27 23:23:59
606,Kashi,CN,39.4547,75.9797,73.26,23,20,6.58,Clouds,2021-05-28 00:00:00
607,Nedjo,ET,9.5046,35.5019,58.84,94,27,3.22,Rain,2021-05-28 00:00:00
608,Sychevka,RU,55.8252,34.2736,53.47,80,99,2.98,Clouds,2021-05-28 00:00:00
609,Boulder,US,40.0833,-105.3505,71.2,41,1,4.0,Clear,2021-05-27 23:23:12
610,Bagotville,AU,-28.9833,153.4167,61.65,66,1,7.2,Clear,2021-05-28 00:00:01
611,Cortes,ES,41.9395,-1.4396,69.85,48,92,3.56,Clouds,2021-05-28 00:00:03
612,Ivanteyevka,RU,55.9711,37.9208,61.48,96,89,2.8,Clouds,2021-05-28 00:00:04
613,Carutapera,BR,-1.195,-46.02,76.32,92,52,5.44,Clouds,2021-05-28 00:00:04
614,Sambava,MG,-14.2667,50.1667,69.78,85,2,7.99,Clear,2021-05-28 00:00:05
615,Santa Isabel Do Rio Negro,BR,-0.4139,-65.0192,74.35,96,19,2.42,Clouds,2021-05-28 00:00:07
616,Mahon,ES,39.8885,4.2658,61.36,82,0,4.61,Clear,2021-05-28 00:00:09
617,Baracoa,CU,20.3467,-74.4958,77.4,86,36,7.31,Clouds,2021-05-28 00:00:11
618,Ihosy,MG,-22.4,46.1167,59.56,91,31,4.03,Clouds,2021-05-28 00:00:11
619,Mugur-Aksy,RU,50.35,90.5,57.45,38,64,5.46,Clouds,2021-05-28 00:00:11
620,Guerrero Negro,MX,27.9769,-114.0611,65.82,60,0,22.82,Clear,2021-05-27 23:23:23
621,Guayabetal,CO,4.2147,-73.8172,67.78,96,91,1.41,Clouds,2021-05-28 00:00:12
622,Tallahassee,US,30.4383,-84.2807,87.89,64,17,1.01,Clouds,2021-05-27 23:23:39
623,Alta Floresta,BR,-9.8756,-56.0861,74.25,67,7,3.22,Clear,2021-05-27 23:23:42
624,Tianpeng,CN,30.9866,103.9393,74.62,71,100,0.45,Clouds,2021-05-28 00:00:12
625,Lazaro Cardenas,MX,17.9583,-102.2,84.96,56,97,8.3,Clouds,2021-05-28 00:00:02
626,Koforidua,GH,6.0941,-0.2591,75.2,96,94,3.02,Clouds,2021-05-28 00:00:13
627,Royal Tunbridge Wells,GB,51.1325,0.2633,54.28,90,72,3.85,Clouds,2021-05-28 00:00:13
628,Iskateley,RU,67.6803,53.1512,38.7,52,100,15.82,Clouds,2021-05-28 00:00:14
629,Aras,ES,42.5617,-2.356,63.01,63,0,3.58,Clear,2021-05-28 00:00:14
630,Milkovo,RU,54.7167,158.6167,50.5,55,97,2.95,Clouds,2021-05-28 00:00:14
631,Vanimo,PG,-2.6741,141.3028,85.39,67,78,2.48,Clouds,2021-05-28 00:00:14
632,Baghdad,IQ,33.3406,44.4009,82.31,28,0,9.35,Clear,2021-05-27 23:23:37
633,Tabuk,PH,17.4189,121.4443,85.01,66,67,2.71,Clouds,2021-05-28 00:00:13
634,Nakskov,DK,54.8373,11.1284,52.0,81,14,14.0,Clouds,2021-05-28 00:00:15
635,Gien,FR,47.6933,2.6309,50.56,87,10,6.76,Clear,2021-05-28 00:00:15
636,Miraflores,MX,19.2167,-98.8083,78.87,46,97,1.66,Clouds,2021-05-28 00:00:16
637,Kyren,RU,51.6828,102.1408,54.36,69,68,0.49,Clouds,2021-05-28 00:00:16
638,Villa Carlos Paz,AR,-31.4241,-64.4978,63.9,61,69,8.01,Clouds,2021-05-28 00:00:16
639,Rimbey,CA,52.6334,-114.2353,69.62,48,100,14.0,Clouds,2021-05-28 00:00:17
640,Misratah,LY,32.3754,15.0925,73.94,57,42,12.37,Clouds,2021-05-28 00:00:17
641,Tessalit,ML,20.1986,1.0114,91.81,6,95,13.49,Clouds,2021-05-28 00:00:17
642,Karlskoga,SE,59.3267,14.5239,45.72,87,99,5.61,Clouds,2021-05-28 00:00:18
643,Barao De Melgaco,BR,-16.1944,-55.9675,82.11,45,58,4.61,Clouds,2021-05-28 00:00:18
644,Belmonte,BR,-15.8631,-38.8828,74.01,77,4,6.71,Clear,2021-05-28 00:00:18
645,Tazovskiy,RU,67.4667,78.7,24.91,88,73,9.75,Clouds,2021-05-28 00:00:18
646,Januaria,BR,-15.4833,-44.3667,79.07,47,46,2.53,Clouds,2021-05-28 00:00:19
647,Pulandian,CN,39.3953,121.9669,60.93,78,41,7.43,Clouds,2021-05-28 00:00:19
648,Newport,GB,51.5877,-2.9984,54.68,80,100,4.38,Clouds,2021-05-27 23:23:09
649,Hasanabad,IR,36.5465,61.0543,77.81,40,28,21.68,Clouds,2021-05-28 00:00:20
650,Eldorado,BR,-23.7869,-54.2836,72.72,59,87,6.11,Clouds,2021-05-28 00:00:20
651,Acari,PE,-15.4311,-74.6158,70.11,78,53,1.45,Clouds,2021-05-28 00:00:20
652,Riwaka,NZ,-41.0833,173.0,57.6,95,100,1.86,Clouds,2021-05-28 00:00:21
653,Pershotravneve,UA,51.3929,28.8684,52.95,96,79,4.56,Clouds,2021-05-28 00:00:21
654,Bonito,BR,-21.1211,-56.4819,78.58,53,95,3.69,Clouds,2021-05-28 00:00:21
655,Virden,US,39.5009,-89.7679,70.74,92,100,6.76,Clouds,2021-05-28 00:00:06
656,Sorland,NO,67.667,12.6934,44.11,76,91,10.29,Clouds,2021-05-28 00:00:22
657,Catamarca,AR,-28.4696,-65.7852,63.77,71,53,1.01,Clouds,2021-05-28 00:00:22
658,Kangaatsiaq,GL,68.3065,-53.4641,36.59,84,98,3.42,Clouds,2021-05-28 00:00:22
659,Aksu,CN,41.1231,80.2644,71.42,21,16,5.39,Clouds,2021-05-28 00:00:23
660,Seddon,AU,-37.8068,144.8916,54.81,72,75,4.0,Clouds,2021-05-28 00:00:23
661,Gorom-Gorom,BF,14.4439,-0.2361,94.1,27,91,10.09,Clouds,2021-05-28 00:00:23
662,Boke,GN,10.9409,-14.2967,74.66,83,26,3.27,Rain,2021-05-28 00:00:24
663,Pangody,RU,65.85,74.4859,33.01,67,34,9.73,Clouds,2021-05-28 00:00:24
664,Iwaki,JP,37.05,140.8833,75.02,60,45,1.01,Clouds,2021-05-28 00:00:24
665,Shaowu,CN,27.3409,117.4831,69.42,99,100,3.0,Rain,2021-05-28 00:00:25
666,Ylivieska,FI,64.0833,24.55,39.88,97,64,3.67,Clouds,2021-05-28 00:00:25
667,Novoulyanovsk,RU,54.1496,48.3891,52.7,79,21,3.0,Clouds,2021-05-28 00:00:25
668,Sembakung,ID,3.8167,117.25,79.66,89,94,1.68,Clouds,2021-05-28 00:00:26
669,Chernyshevskiy,RU,63.0128,112.4714,54.37,67,80,5.57,Clouds,2021-05-27 23:23:14
670,Idlib,SY,35.9306,36.6339,63.95,68,1,6.35,Clear,2021-05-28 00:00:26
671,Pijijiapan,MX,15.7011,-93.23,85.46,72,97,4.45,Clouds,2021-05-28 00:00:27
672,Itoman,JP,26.1247,127.6694,82.42,89,75,16.11,Clouds,2021-05-28 00:00:27
673,Northam,GB,51.0333,-4.2167,53.15,92,100,5.26,Rain,2021-05-28 00:00:27
